{
    "input_layer": {
        "min": -123.68000030517578,
        "max": 151.06100463867188
    }
}