{
    "input_layer": 1.1894567294383611,
    "block1_conv1": 7.190994382843258,
    "block1_conv2": 31.03382981668307,
    "block2_conv1": 51.924477885088585,
    "block2_conv2": 87.87249323326772,
    "block3_conv1": 108.45553180364173,
    "block3_conv2": 111.02528297244095,
    "block3_conv3": 125.86694912647638,
    "block4_conv1": 81.07599501722441,
    "block4_conv2": 52.68854576771653,
    "block4_conv3": 31.29557740218996,
    "block5_conv1": 20.087194728100393,
    "block5_conv2": 14.199101485605315,
    "block5_conv3": 2.87135399044968,
    "dense": 0.2374845489742249,
    "dense_1": 0.19087594700610544,
    "dense_2": 0.007874015748031496
}