{
    "input_layer": {
        "min": -151.06100463867188,
        "max": 151.06100463867188
    },
    "block1_conv1": {
        "min": -1635.535527185192,
        "max": 1635.535527185192
    },
    "block1_conv2": {
        "min": -7626.77398326268,
        "max": 7626.77398326268
    },
    "block2_conv1": {
        "min": -12809.669587692924,
        "max": 12809.669587692924
    },
    "block2_conv2": {
        "min": -14324.274095133596,
        "max": 14324.274095133596
    },
    "block3_conv1": {
        "min": -15719.387463447816,
        "max": 15719.387463447816
    },
    "block3_conv2": {
        "min": -14554.046619206023,
        "max": 14554.046619206023
    },
    "block3_conv3": {
        "min": -22973.291283609895,
        "max": 22973.291283609895
    },
    "block4_conv1": {
        "min": -14535.374861172075,
        "max": 14535.374861172075
    },
    "block4_conv2": {
        "min": -9893.321349576876,
        "max": 9893.321349576876
    },
    "block4_conv3": {
        "min": -5109.966224341892,
        "max": 5109.966224341892
    },
    "block5_conv1": {
        "min": -3923.308551215532,
        "max": 3923.308551215532
    },
    "block5_conv2": {
        "min": -3244.8372942283063,
        "max": 3244.8372942283063
    },
    "block5_conv3": {
        "min": -469.2951050974859,
        "max": 469.2951050974859
    },
    "dense": {
        "min": -59.70600150909106,
        "max": 59.70600150909106
    },
    "dense_1": {
        "min": -36.068694683252076,
        "max": 36.068694683252076
    },
    "dense_2": {
        "min": -1.9010797342363686,
        "max": 1.9010797342363686
    }
}