{
    "block1_conv1": 0.005286614725908895,
    "block1_conv2": 0.002276936619300542,
    "block2_conv1": 0.0032804021685142216,
    "block2_conv2": 0.002184060849542693,
    "block3_conv1": 0.004286699407682644,
    "block3_conv2": 0.003616664118654146,
    "block3_conv3": 0.0030829714039179285,
    "block4_conv1": 0.002471513870194202,
    "block4_conv2": 0.0026587402726721576,
    "block4_conv3": 0.0020176040844654473,
    "block5_conv1": 0.0014995621649299081,
    "block5_conv2": 0.001615364368506304,
    "block5_conv3": 0.0022598162410766122,
    "dense": 0.0009939441765387227,
    "dense_1": 0.0011798925991133443,
    "dense_2": 0.0016470998525619507
}