{
    "block1_conv1": {
        "weight": {
            "min": -0.6714000701904297,
            "max": 0.6082094311714172
        },
        "bias": {
            "min": 0.0,
            "max": 0.0
        }
    },
    "block1_conv2": {
        "weight": {
            "min": -0.21546071767807007,
            "max": 0.2891709506511688
        },
        "bias": {
            "min": -0.0,
            "max": -0.0
        }
    },
    "block2_conv1": {
        "weight": {
            "min": -0.33655640482902527,
            "max": 0.41661107540130615
        },
        "bias": {
            "min": 0.0,
            "max": 0.0
        }
    },
    "block2_conv2": {
        "weight": {
            "min": -0.1816539168357849,
            "max": 0.277375727891922
        },
        "bias": {
            "min": 0.0,
            "max": 0.0
        }
    },
    "block3_conv1": {
        "weight": {
            "min": -0.18360520899295807,
            "max": 0.5444108247756958
        },
        "bias": {
            "min": -0.0,
            "max": -0.0
        }
    },
    "block3_conv2": {
        "weight": {
            "min": -0.17652158439159393,
            "max": 0.45931634306907654
        },
        "bias": {
            "min": 0.0,
            "max": 0.0
        }
    },
    "block3_conv3": {
        "weight": {
            "min": -0.1796465665102005,
            "max": 0.3915373682975769
        },
        "bias": {
            "min": -0.0,
            "max": -0.0
        }
    },
    "block4_conv1": {
        "weight": {
            "min": -0.12432199716567993,
            "max": 0.3138822615146637
        },
        "bias": {
            "min": 0.0,
            "max": 0.0
        }
    },
    "block4_conv2": {
        "weight": {
            "min": -0.10460839420557022,
            "max": 0.337660014629364
        },
        "bias": {
            "min": -0.0,
            "max": -0.0
        }
    },
    "block4_conv3": {
        "weight": {
            "min": -0.12761543691158295,
            "max": 0.2562357187271118
        },
        "bias": {
            "min": 0.0,
            "max": 0.0
        }
    },
    "block5_conv1": {
        "weight": {
            "min": -0.11351980268955231,
            "max": 0.19044439494609833
        },
        "bias": {
            "min": 0.0,
            "max": 0.0
        }
    },
    "block5_conv2": {
        "weight": {
            "min": -0.13676752150058746,
            "max": 0.2051512748003006
        },
        "bias": {
            "min": -0.0,
            "max": -0.0
        }
    },
    "block5_conv3": {
        "weight": {
            "min": -0.09341460466384888,
            "max": 0.28699666261672974
        },
        "bias": {
            "min": -0.0,
            "max": -0.0
        }
    },
    "dense": {
        "weight": {
            "min": -0.12623091042041779,
            "max": 0.12623091042041779
        },
        "bias": {
            "min": -0.0,
            "max": -0.0
        }
    },
    "dense_1": {
        "weight": {
            "min": -0.13515552878379822,
            "max": 0.14984636008739471
        },
        "bias": {
            "min": -0.0,
            "max": -0.0
        }
    },
    "dense_2": {
        "weight": {
            "min": -0.20918168127536774,
            "max": 0.16242343187332153
        },
        "bias": {
            "min": -0.05964171886444092,
            "max": -0.01491042971611023
        }
    }
}