{
    "activation_hw_scale": {
        "input_layer": 1.1894567294383611,
        "block1_conv1": 12.878232497521196,
        "block1_conv2": 60.053338450887246,
        "block2_conv1": 100.86354006057421,
        "block2_conv2": 112.78955980420155,
        "block3_conv1": 123.77470443659698,
        "block3_conv2": 114.59879227721278,
        "block3_conv3": 180.892057351259,
        "block4_conv1": 114.45177056041004,
        "block4_conv2": 77.90016810690453,
        "block4_conv3": 40.2359545223771,
        "block5_conv1": 30.892193316657732,
        "block5_conv2": 25.54989995455359,
        "block5_conv3": 3.6952370480116996,
        "dense": 0.4701259961345753,
        "dense_1": 0.28400546994686676,
        "dense_2": 0.014969131765640697
    },
    "activation_sw_scale": {
        "input_layer": 1.1894567294383611,
        "block1_conv1": 7.190994382843258,
        "block1_conv2": 31.03382981668307,
        "block2_conv1": 51.924477885088585,
        "block2_conv2": 87.87249323326772,
        "block3_conv1": 108.45553180364173,
        "block3_conv2": 111.02528297244095,
        "block3_conv3": 125.86694912647638,
        "block4_conv1": 81.07599501722441,
        "block4_conv2": 52.68854576771653,
        "block4_conv3": 31.29557740218996,
        "block5_conv1": 20.087194728100393,
        "block5_conv2": 14.199101485605315,
        "block5_conv3": 2.87135399044968,
        "dense": 0.2374845489742249,
        "dense_1": 0.19087594700610544,
        "dense_2": 0.007874015748031496
    },
    "wt_scale": {
        "block1_conv1": 0.005286614725908895,
        "block1_conv2": 0.002276936619300542,
        "block2_conv1": 0.0032804021685142216,
        "block2_conv2": 0.002184060849542693,
        "block3_conv1": 0.004286699407682644,
        "block3_conv2": 0.003616664118654146,
        "block3_conv3": 0.0030829714039179285,
        "block4_conv1": 0.002471513870194202,
        "block4_conv2": 0.0026587402726721576,
        "block4_conv3": 0.0020176040844654473,
        "block5_conv1": 0.0014995621649299081,
        "block5_conv2": 0.001615364368506304,
        "block5_conv3": 0.0022598162410766122,
        "dense": 0.0009939441765387227,
        "dense_1": 0.0011798925991133443,
        "dense_2": 0.0016470998525619507
    },
    "activation_hw_range_dict": {
        "input_layer": {
            "min": -151.06100463867188,
            "max": 151.06100463867188
        },
        "block1_conv1": {
            "min": -1635.535527185192,
            "max": 1635.535527185192
        },
        "block1_conv2": {
            "min": -7626.77398326268,
            "max": 7626.77398326268
        },
        "block2_conv1": {
            "min": -12809.669587692924,
            "max": 12809.669587692924
        },
        "block2_conv2": {
            "min": -14324.274095133596,
            "max": 14324.274095133596
        },
        "block3_conv1": {
            "min": -15719.387463447816,
            "max": 15719.387463447816
        },
        "block3_conv2": {
            "min": -14554.046619206023,
            "max": 14554.046619206023
        },
        "block3_conv3": {
            "min": -22973.291283609895,
            "max": 22973.291283609895
        },
        "block4_conv1": {
            "min": -14535.374861172075,
            "max": 14535.374861172075
        },
        "block4_conv2": {
            "min": -9893.321349576876,
            "max": 9893.321349576876
        },
        "block4_conv3": {
            "min": -5109.966224341892,
            "max": 5109.966224341892
        },
        "block5_conv1": {
            "min": -3923.308551215532,
            "max": 3923.308551215532
        },
        "block5_conv2": {
            "min": -3244.8372942283063,
            "max": 3244.8372942283063
        },
        "block5_conv3": {
            "min": -469.2951050974859,
            "max": 469.2951050974859
        },
        "dense": {
            "min": -59.70600150909106,
            "max": 59.70600150909106
        },
        "dense_1": {
            "min": -36.068694683252076,
            "max": 36.068694683252076
        },
        "dense_2": {
            "min": -1.9010797342363686,
            "max": 1.9010797342363686
        }
    },
    "activation_sw_range_dict": {
        "input_layer": {
            "min": -151.06100463867188,
            "max": 151.06100463867188
        },
        "block1_conv1": {
            "min": 0.0,
            "max": 913.2562866210938
        },
        "block1_conv2": {
            "min": 0.0,
            "max": 3941.29638671875
        },
        "block2_conv1": {
            "min": 0.0,
            "max": 6594.40869140625
        },
        "block2_conv2": {
            "min": 0.0,
            "max": 11159.806640625
        },
        "block3_conv1": {
            "min": 0.0,
            "max": 13773.8525390625
        },
        "block3_conv2": {
            "min": 0.0,
            "max": 14100.2109375
        },
        "block3_conv3": {
            "min": 0.0,
            "max": 15985.1025390625
        },
        "block4_conv1": {
            "min": 0.0,
            "max": 10296.6513671875
        },
        "block4_conv2": {
            "min": 0.0,
            "max": 6691.4453125
        },
        "block4_conv3": {
            "min": 0.0,
            "max": 3974.538330078125
        },
        "block5_conv1": {
            "min": 0.0,
            "max": 2551.07373046875
        },
        "block5_conv2": {
            "min": 0.0,
            "max": 1803.285888671875
        },
        "block5_conv3": {
            "min": 0.0,
            "max": 364.6619567871094
        },
        "dense": {
            "min": 0.0,
            "max": 30.160537719726562
        },
        "dense_1": {
            "min": 0.0,
            "max": 24.24124526977539
        },
        "dense_2": {
            "min": 1.7579675820617922e-17,
            "max": 1.0
        }
    },
    "wt_range": {
        "block1_conv1": {
            "weight": {
                "min": -0.6714000701904297,
                "max": 0.6085159182548523
            },
            "bias": {
                "min": -0.015828926116228104,
                "max": 2.0640370845794678
            }
        },
        "block1_conv2": {
            "weight": {
                "min": -0.21561293303966522,
                "max": 0.2891709506511688
            },
            "bias": {
                "min": -1.027151346206665,
                "max": 0.9052184224128723
            }
        },
        "block2_conv1": {
            "weight": {
                "min": -0.33594822883605957,
                "max": 0.41661107540130615
            },
            "bias": {
                "min": -0.17922063171863556,
                "max": 0.36547425389289856
            }
        },
        "block2_conv2": {
            "weight": {
                "min": -0.1819043755531311,
                "max": 0.277375727891922
            },
            "bias": {
                "min": -0.5953347682952881,
                "max": 0.6337577700614929
            }
        },
        "block3_conv1": {
            "weight": {
                "min": -0.183063343167305,
                "max": 0.5444108247756958
            },
            "bias": {
                "min": -0.20097896456718445,
                "max": 0.34949612617492676
            }
        },
        "block3_conv2": {
            "weight": {
                "min": -0.17710502445697784,
                "max": 0.45931634306907654
            },
            "bias": {
                "min": -0.1812487542629242,
                "max": 0.2748450040817261
            }
        },
        "block3_conv3": {
            "weight": {
                "min": -0.17968426644802094,
                "max": 0.3915373682975769
            },
            "bias": {
                "min": -0.1428879201412201,
                "max": 0.5947717428207397
            }
        },