{
    "input_layer": {
        "min": -151.06100463867188,
        "max": 151.06100463867188
    },
    "block1_conv1": {
        "min": 0.0,
        "max": 913.2562866210938
    },
    "block1_conv2": {
        "min": 0.0,
        "max": 3941.29638671875
    },
    "block2_conv1": {
        "min": 0.0,
        "max": 6594.40869140625
    },
    "block2_conv2": {
        "min": 0.0,
        "max": 11159.806640625
    },
    "block3_conv1": {
        "min": 0.0,
        "max": 13773.8525390625
    },
    "block3_conv2": {
        "min": 0.0,
        "max": 14100.2109375
    },
    "block3_conv3": {
        "min": 0.0,
        "max": 15985.1025390625
    },
    "block4_conv1": {
        "min": 0.0,
        "max": 10296.6513671875
    },
    "block4_conv2": {
        "min": 0.0,
        "max": 6691.4453125
    },
    "block4_conv3": {
        "min": 0.0,
        "max": 3974.538330078125
    },
    "block5_conv1": {
        "min": 0.0,
        "max": 2551.07373046875
    },
    "block5_conv2": {
        "min": 0.0,
        "max": 1803.285888671875
    },
    "block5_conv3": {
        "min": 0.0,
        "max": 364.6619567871094
    },
    "dense": {
        "min": 0.0,
        "max": 30.160537719726562
    },
    "dense_1": {
        "min": 0.0,
        "max": 24.24124526977539
    },
    "dense_2": {
        "min": 1.7579675820617922e-17,
        "max": 1.0
    }
}