{
    "8b": {
        "accuracy": 0.5844155550003052,
        "loss": 1.6387110948562622
    },
    "32b": {
        "accuracy": 0.8181818127632141,
        "loss": 0.5339521169662476
    },
    "16b": {
        "accuracy": 0.822510838508606,
        "loss": 0.5492810606956482
    }
}