{
    "Parent Model": null,
    "accuracy": [
        0.6475675702095032
    ],
    "loss": [
        1.1569032669067383
    ],
    "val_accuracy": [
        0.8181818127632141
    ],
    "val_loss": [
        0.5339522361755371
    ]
}